<package>
    <description brief="mars_sim">
       DFKI Robot simulator
    </description>

    <depend package="base/types" />
    <depend package="simulation/mars/scripts/cmake" />
    <depend package="simulation/lib_manager" />
    <depend package="simulation/mars/common/cfg_manager" />
    <depend package="simulation/mars/common/utils" />
    <depend package="simulation/mars/interfaces" />
    <depend package="simulation/configmaps" />
    <depend package="simulation/ode" />
    <tags>needs_opt</tags>
</package>
